Join Date,Club Name
"Sep 29, 2020, 1:41:12 PM",East Nasty Running Club
"Jul 14, 2021, 3:49:04 AM",Nashville Running Company
"Aug 12, 2021, 6:02:49 PM",PR Bandits
"Apr 3, 2023, 8:43:17 PM",The Nations Run Club
"Jan 6, 2025, 7:54:35 PM",Jogalope!
"Mar 4, 2025, 6:27:31 PM",Cooldown Nashville
"Mar 11, 2025, 12:00:42 PM",The Exchange Running Collective
"Apr 16, 2025, 9:58:27 AM",The Strava Club
"Jun 10, 2025, 2:11:09 AM",Nashville Track Club
"Jun 18, 2025, 5:22:35 PM",Way Run Club
"Apr 12, 2026, 10:59:37 PM",Feathered Fleet
