Route Name,Route Filename
Mulch Run,routes/1.gpx
Mulch Run,routes/2.gpx
Mulch Run with Charlotte Park,routes/3.gpx
McCabe Park 5K,routes/4.gpx
Martin's 3 mile,routes/5.gpx
East Nasty: Riverside,routes/6.gpx
12S lululemon 5k,routes/7.gpx
Nations Bar & Grill 3 mile,routes/8.gpx
Mulch Run,routes/9.gpx
McCabe Park 10K,routes/10.gpx
Mulch Run,routes/11.gpx
Edley's 5 mile,routes/12.gpx
England and West with stop signs,routes/13.gpx
Hot Dog! Daddy's 5 mile,routes/14.gpx
12S lululemon 5 mile,routes/15.gpx
Shelby Park 10 Miler,routes/16.gpx
Martin's Shy's Hill 5 mile,routes/17.gpx
NRC/Fleet Feet Hispanic Heritage Month Run 5 mile(ish),routes/18.gpx
Mulch Run,routes/19.gpx
Jorts 5 mile,routes/20.gpx
