Date,Route ID
"Aug 25, 2025, 11:35:20 PM",3395205704130514434
"Sep 10, 2025, 4:50:03 PM",3400901918679480448
"Jul 21, 2025, 8:32:53 PM",3382476215161743476
"Jun 30, 2025, 8:30:50 PM",3374865553691945728
"Apr 27, 2026, 11:07:52 PM",3483966253511286492
"Sep 17, 2025, 5:23:40 PM",3403447094949835766
"Sep 10, 2025, 11:05:22 PM",3400996369556094508
"Apr 27, 2026, 11:07:52 PM",3483976330520301424
"Sep 15, 2025, 10:55:06 PM",3402805724351867426
"Aug 27, 2025, 3:30:31 PM",3395808471739895850
"Apr 29, 2026, 10:41:30 PM",3484689479287605974
"Oct 6, 2025, 3:05:05 PM",3410297586459102662
"Aug 20, 2025, 6:44:36 PM",3393320602308577206
"Apr 27, 2026, 11:07:52 PM",3483966253511250652
"Apr 29, 2026, 10:40:04 PM",3484687822799972970
"Apr 27, 2026, 11:07:52 PM",3483966253509586652
"Oct 6, 2025, 3:05:37 PM",3410297720502726994
"Apr 27, 2026, 11:07:05 PM",3483976330521651056
"Jun 30, 2025, 8:47:05 PM",3374869644571618048
"Sep 17, 2025, 11:29:04 PM",3403539047321366920
