Activity Type,Date,Favorite,Title,Distance,Calories,Time,Avg HR,Max HR,Aerobic TE,Avg Bike Cadence,Max Bike Cadence,Avg Speed,Max Speed,Total Ascent,Total Descent,Avg Stride Length,Avg Vertical Ratio,Avg Vertical Oscillation,Avg Ground Contact Time,Avg GAP,Normalized Power® (NP®),Training Stress Score®,Avg Power,Max Power,Total Strokes,Avg. Swolf,Avg Stroke Rate,Steps,Total Reps,Total Sets,Body Battery Drain,Decompression,Best Lap Time,Number of Laps,Avg Resp,Min Resp,Max Resp,Stress Change,Stress Start,Stress End,Avg Stress,Max Stress,Moving Time,Elapsed Time,Min Elevation,Max Elevation
Other,2026-04-28 18:38:28,false,"Weight lift - chest and biceps","0.00","212","00:54:21","104","130","0.6","8","194","--","--","--","--","0.00","--","--","--","--","--","0.0","--","--","--","--","--","232","--","--","-2","No","00:00:34.8","48","--","--","--","--","--","--","--","--","00:00:00","00:54:22","334","369"
Running,2026-04-27 18:39:02,false,"Evening run","3.77","407","00:32:21","186","198","5.0","175","183","8:34","7:32","226","230","1.06","8.2","8.7","247","8:31","305","0.0","299","420","--","--","--","5,704","--","--","-11","No","00:06:59.7","4","--","--","--","--","--","--","--","--","00:32:12","00:33:41","392","489"
Running,2026-04-20 18:35:20,false,"Evening run","3.57","384","00:32:07","179","196","4.6","175","185","9:00","5:47","161","177","1.01","8.4","8.4","251","8:58","285","0.0","279","455","--","--","--","5,650","--","--","-8","No","00:04:15.7","4","--","--","--","--","--","--","--","--","00:31:54","00:35:13","441","508"
Other,2026-04-16 20:12:27,false,"Weight lift - core","0.00","150","00:32:23","108","127","0.6","4","143","--","--","--","--","0.00","--","--","--","--","--","0.0","--","--","--","--","--","116","--","--","-2","No","00:00:24.4","36","--","--","--","--","--","--","--","--","00:00:00","00:32:23","404","456"
Strength Training,2026-04-16 19:07:13,false,"Weight lift - chest and biceps","0.00","270","00:57:22","112","154","1.4","9","187","--","--","--","--","0.00","--","--","--","--","--","0.0","--","--","--","--","--","250","--","--","-4","No","00:00:28.1","48","--","--","--","--","--","--","--","--","00:00:00","01:00:29","382","524"
Running,2026-04-15 19:11:04,false,"Evening run","4.17","463","00:40:38","171","185","4.2","178","188","9:44","8:32","128","131","0.92","8.6","7.9","253","9:45","259","0.0","257","334","--","--","--","7,248","--","--","-3","No","00:01:35.9","5","--","--","--","--","--","--","--","--","00:40:33","00:40:56","407","498"
Walking,2026-04-15 18:55:19,false,"Evening walk","0.59","55","00:15:20","104","120","0.2","84","122","26:01","20:32","10","3","0.74","--","--","--","--","--","0.0","--","--","--","--","--","1,656","--","--","--","No","00:15:20","1","--","--","--","--","--","--","--","--","00:15:03","00:15:20","410","427"
Other,2026-04-14 20:04:14,false,"Weight lift - core","0.00","160","00:29:33","113","132","0.9","5","140","--","--","--","--","0.00","--","--","--","--","--","0.0","--","--","--","--","--","56","--","--","-1","No","00:00:30.3","36","--","--","--","--","--","--","--","--","00:00:00","00:29:33","1,010","1,015"
Strength Training,2026-04-14 19:07:19,false,"Weight lift - back and triceps","0.00","302","00:52:38","119","143","1.9","4","187","--","--","--","--","0.00","--","--","--","--","--","0.0","--","--","--","--","--","320","--","--","-2","No","00:00:08.1","48","--","--","--","--","--","--","--","--","00:00:00","00:52:38","1,003","1,020"
Running,2026-04-13 18:17:01,false,"Evening run","3.14","341","00:29:30","169","189","4.0","175","184","9:24","7:06","164","213","0.97","8.6","8.4","254","9:23","276","0.0","270","402","--","--","--","5,166","--","--","-3","No","00:01:12.9","4","--","--","--","--","--","--","--","--","00:29:20","00:31:03","448","575"
Walking,2026-04-13 18:01:26,false,"Evening walk","0.77","76","00:14:55","112","123","0.4","113","125","19:23","14:01","62","62","0.73","--","--","--","--","--","0.0","--","--","--","--","--","1,768","--","--","-1","No","00:14:55","1","--","--","--","--","--","--","--","--","00:14:41","00:14:55","449","493"
Other,2026-04-05 19:44:24,false,"Weight lift - core","0.00","234","00:33:24","124","149","2.1","5","128","--","--","--","--","0.00","--","--","--","--","--","0.0","--","--","--","--","--","178","--","--","-2","No","00:00:22.1","36","--","--","--","--","--","--","--","--","00:00:00","00:33:24","542","556"
Strength Training,2026-04-05 18:44:01,false,"Weight lift - back and triceps","0.00","416","00:57:01","130","160","2.5","8","250","--","--","--","--","0.00","--","--","--","--","--","0.0","--","--","--","--","--","784","--","--","-5","No","00:00:09.9","48","--","--","--","--","--","--","--","--","00:00:00","00:57:01","558","579"
Other,2026-03-26 06:53:44,false,"Weight lift - core","0.72","151","00:27:16","111","134","0.9","11","158","1.6","10.6","--","--","1.98","--","--","--","--","--","0.0","--","--","--","--","--","100","--","--","-1","No","00:00:25.5","36","--","--","--","--","--","--","--","--","00:05:40.3","00:27:16","580","587"
Strength Training,2026-03-26 05:50:41,false,"Weight lift - legs","0.00","312","00:58:10","111","148","1.9","3","131","--","--","--","--","0.00","--","--","--","--","--","0.0","--","--","--","--","--","366","--","--","-3","No","00:00:32.4","48","--","--","--","--","--","--","--","--","00:00:00","00:58:10","941","955"
Other,2026-03-23 06:46:21,false,"Weight lift - core","0.00","138","00:28:45","104","125","0.6","16","176","--","--","--","--","0.00","--","--","--","--","--","0.0","--","--","--","--","--","120","--","--","-3","No","00:00:25.5","36","--","--","--","--","--","--","--","--","00:00:00","00:28:45","837","853"
Strength Training,2026-03-23 05:51:30,false,"Weight lift - chest and biceps","0.00","202","00:49:36","99","128","0.6","5","140","--","--","--","--","0.00","--","--","--","--","--","0.0","--","--","--","--","--","252","--","--","-6","No","00:00:16.4","48","--","--","--","--","--","--","--","--","00:00:00","00:49:36","853","890"
Other,2026-03-20 06:47:06,false,"Weight lift - core","0.00","179","00:30:54","112","136","1.1","7","150","--","--","--","--","0.00","--","--","--","--","--","0.0","--","--","--","--","--","66","--","--","-2","No","00:00:34.9","36","--","--","--","--","--","--","--","--","00:00:00","00:30:54","955","964"
Strength Training,2026-03-20 05:51:06,false,"Weight lift - back and triceps","0.00","242","00:51:53","106","136","1.0","5","176","--","--","--","--","0.00","--","--","--","--","--","0.0","--","--","--","--","--","222","--","--","-3","No","00:00:13.4","48","--","--","--","--","--","--","--","--","00:00:00","00:51:53","950","966"
Other,2026-03-18 06:56:00,false,"Weight lift - core","0.00","155","00:30:57","107","132","0.8","5","122","--","--","--","--","0.00","--","--","--","--","--","0.0","--","--","--","--","--","78","--","--","-3","No","00:00:38.6","36","--","--","--","--","--","--","--","--","00:00:00","00:31:10","938","956"
Strength Training,2026-03-18 05:45:50,false,"Weight lift - legs","0.00","302","01:03:33","105","153","1.9","5","158","--","--","--","--","0.00","--","--","--","--","--","0.0","--","--","--","--","--","392","--","--","-7","No","00:00:36.7","48","--","--","--","--","--","--","--","--","00:00:00","01:04:29","946","962"
Other,2026-03-16 07:05:46,false,"Weight lift - core","0.00","152","00:30:01","108","130","0.8","13","150","--","--","--","--","0.00","--","--","--","--","--","0.0","--","--","--","--","--","158","--","--","-2","No","00:00:21.7","36","--","--","--","--","--","--","--","--","00:00:00","00:30:01","888","907"
Strength Training,2026-03-16 06:02:41,false,"Weight lift - chest and biceps","0.00","274","00:56:32","108","147","1.3","5","191","--","--","--","--","0.00","--","--","--","--","--","0.0","--","--","--","--","--","366","--","--","-3","No","00:00:17.2","48","--","--","--","--","--","--","--","--","00:00:00","00:56:32","883","914"
Other,2026-03-04 17:04:45,false,"Weight lift - core","0.58","231","00:33:29","124","149","2.0","9","154","1.0","3.3","10","13","1.64","--","--","--","--","--","0.0","--","--","--","--","--","90","--","--","-2","No","00:00:14.9","36","--","--","--","--","--","--","--","--","00:18:58","00:33:29","713","721"
Strength Training,2026-03-04 16:11:11,false,"Weight lift - chest and biceps","0.08","304","00:48:50","120","152","1.9","9","240","0.1","3.0","--","--","0.41","--","--","--","--","--","0.0","--","--","--","--","--","576","--","--","-2","No","00:00:21.1","44","--","--","--","--","--","--","--","--","00:02:30","00:48:50","711","720"
Strength Training,2026-02-23 17:01:33,false,"Weight lift - core","0.44","213","00:30:31","123","150","2.0","9","133","0.9","4.3","13","7","1.27","--","--","--","--","--","0.0","--","--","--","--","--","138","--","--","-2","No","00:00:18.9","36","--","--","--","--","--","--","--","--","00:12:15","00:30:39","713","725"
Strength Training,2026-02-23 16:18:08,false,"Weight lift - chest and biceps","0.00","182","00:42:11","99","147","0.7","9","155","--","--","--","--","0.00","--","--","--","--","--","0.0","--","--","--","--","--","482","--","--","-2","No","00:00:23.3","44","--","--","--","--","--","--","--","--","00:00:00","00:42:11","1,146","1,161"
Strength Training,2026-02-20 16:58:55,false,"Weight lift - core","0.44","212","00:31:26","121","150","2.0","20","129","0.9","5.3","16","20","0.56","--","--","--","--","--","0.0","--","--","--","--","--","300","--","--","-2","No","00:00:10.6","36","--","--","--","--","--","--","--","--","00:14:01","00:32:10","713","722"
Strength Training,2026-02-20 16:13:54,false,"Weight lift - back and triceps","0.01","256","00:40:22","118","155","2.0","7","154","0.0","2.1","--","--","0.00","--","--","--","--","--","0.0","--","--","--","--","--","450","--","--","-3","No","00:00:13.8","44","--","--","--","--","--","--","--","--","00:00:25","00:41:34","703","722"
Strength Training,2026-02-18 16:59:35,false,"Weight lift - core","0.46","234","00:30:59","132","162","2.5","12","150","0.9","3.9","16","16","1.14","--","--","--","--","--","0.0","--","--","--","--","--","302","--","--","-3","No","00:00:15.6","36","--","--","--","--","--","--","--","--","00:18:23","00:30:59","708","718"
Strength Training,2026-02-18 16:12:16,false,"Weight lift - legs","0.05","204","00:44:35","102","152","1.4","10","158","0.1","7.8","--","3","0.02","--","--","--","--","--","0.0","--","--","--","--","--","428","--","--","-2","No","00:00:02.0","46","--","--","--","--","--","--","--","--","00:01:23.7","00:44:41","696","717"
Strength Training,2026-02-16 17:11:58,false,"Weight lift - core","0.56","282","00:38:20","132","156","2.4","6","158","0.9","5.0","20","13","0.68","--","--","--","--","--","0.0","--","--","--","--","--","104","--","--","-2","No","00:00:06.2","44","--","--","--","--","--","--","--","--","00:20:13","00:38:30","717","726"
Strength Training,2026-02-16 16:24:05,false,"Weight lift - chest and biceps","0.08","214","00:44:15","109","141","1.1","11","131","0.1","3.7","3","--","0.27","--","--","--","--","--","0.0","--","--","--","--","--","636","--","--","-2","No","00:00:18.1","44","--","--","--","--","--","--","--","--","00:03:35","00:44:31","715","726"
Strength Training,2026-02-03 11:38:49,false,"Weight lift - chest and biceps","0.05","206","00:41:35","108","145","1.1","8","158","0.1","1.9","3","--","0.33","--","--","--","--","--","0.0","--","--","--","--","--","200","--","--","-3","No","00:00:15.1","44","--","--","--","--","--","--","--","--","00:02:01","00:41:35","698","726"
Strength Training,2026-01-23 11:51:02,false,"Weight lift - back and triceps","0.04","209","00:37:23","113","139","1.2","9","196","0.1","3.6","3","--","0.21","--","--","--","--","--","0.0","--","--","--","--","--","654","--","--","-2","No","00:00:11.9","43","--","--","--","--","--","--","--","--","00:01:28","00:37:23","705","728"
Strength Training,2026-01-22 11:34:37,false,"Weight lift - core","1.14","265","00:54:22","110","157","1.7","7","167","1.3","8.2","46","23","1.27","--","--","--","--","--","0.0","--","--","--","--","--","362","--","--","-3","No","00:00:03.1","54","--","--","--","--","--","--","--","--","00:23:15","00:54:30","719","749"
Strength Training,2026-01-21 11:37:16,false,"Weight lift - legs","0.28","196","00:45:54","100","146","0.7","7","187","0.4","4.0","13","3","0.69","--","--","--","--","--","0.0","--","--","--","--","--","446","--","--","-3","No","00:00:18.6","44","--","--","--","--","--","--","--","--","00:09:24","00:45:54","711","732"
Strength Training,2026-01-19 11:58:25,false,"Weight lift - chest and biceps","0.11","186","00:41:05","104","137","0.8","10","250","0.2","5.5","3","3","0.26","--","--","--","--","--","0.0","--","--","--","--","--","626","--","--","-2","No","00:00:13.9","44","--","--","--","--","--","--","--","--","00:02:52","00:41:05","707","724"
Strength Training,2026-01-16 11:35:26,false,"Weight lift - back and triceps","0.07","191","00:39:20","108","143","0.7","7","158","0.1","4.4","3","--","0.38","--","--","--","--","--","0.0","--","--","--","--","--","308","--","--","-2","No","00:00:18.2","43","--","--","--","--","--","--","--","--","00:02:51","00:39:26","690","726"
Indoor Cycling,2026-01-15 11:34:58,false,"Midday bike","0.00","316","00:35:06","140","160","2.6","--","--","--","--","--","--","--","--","--","--","--","--","0.0","--","--","--","--","--","--","--","--","-4","No","00:35:06","1","--","--","--","--","--","--","--","--","00:00:00","00:35:06","--","--"
Strength Training,2026-01-14 11:40:04,false,"Weight lift - legs","0.07","188","00:44:33","100","142","1.0","9","176","0.1","9.1","--","--","0.53","--","--","--","--","--","0.0","--","--","--","--","--","344","--","--","-2","No","00:00:09.0","44","--","--","--","--","--","--","--","--","00:02:10","00:44:57","703","722"
Indoor Cycling,2026-01-13 11:41:17,false,"Midday bike","0.00","304","00:35:28","138","162","2.5","--","--","--","--","--","--","--","--","--","--","--","--","0.0","--","--","--","--","--","--","--","--","-6","No","00:35:28","1","--","--","--","--","--","--","--","--","00:00:00","00:35:28","--","--"
Strength Training,2026-01-12 11:39:29,false,"Weight lift - chest and biceps","0.06","202","00:38:37","111","147","1.1","13","147","0.1","2.8","3","--","0.07","--","--","--","--","--","0.0","--","--","--","--","--","654","--","--","-3","No","00:00:19.6","44","--","--","--","--","--","--","--","--","00:02:17","00:38:37","690","723"
HIIT,2026-01-10 08:33:25,false,"Hyrox","0.00","395","00:47:26","141","199","3.1","--","--","--","--","--","--","--","--","--","--","--","--","0.0","--","--","--","--","--","90","45","1","-8","No","00:47:26","1","--","--","--","--","--","--","--","--","00:47:26","00:50:16","--","--"
Strength Training,2026-01-09 11:38:58,false,"Weight lift - back and triceps","0.08","256","00:39:33","122","152","1.9","6","240","0.1","2.7","--","--","0.33","--","--","--","--","--","0.0","--","--","--","--","--","408","--","--","-3","No","00:00:02.3","46","--","--","--","--","--","--","--","--","00:03:28.5","00:39:38","702","723"
Strength Training,2026-01-07 11:37:21,false,"Weight lift - legs","0.21","219","00:45:27","110","144","1.0","10","158","0.3","3.5","7","--","0.28","--","--","--","--","--","0.0","--","--","--","--","--","240","--","--","-2","No","00:00:15.3","44","--","--","--","--","--","--","--","--","00:05:42","00:45:27","710","730"
Elliptical,2026-01-06 11:47:01,false,"Elliptical","0.00","252","00:34:47","131","159","2.1","21","158","--","--","--","--","0.00","--","--","--","--","--","0.0","--","--","--","--","--","950","--","--","-3","No","00:34:47","1","--","--","--","--","--","--","--","--","00:00:00","00:34:47","--","--"
Strength Training,2026-01-05 11:44:59,false,"Weight lift - chest and biceps","0.11","258","00:52:28","111","136","1.0","7","167","0.1","3.8","--","3","0.32","--","--","--","--","--","0.0","--","--","--","--","--","512","--","--","-2","No","00:00:28.0","44","--","--","--","--","--","--","--","--","00:03:30","00:52:33","675","726"
HIIT,2026-01-03 08:40:02,false,"Hyrox","0.00","466","00:49:07","156","197","3.7","--","--","--","--","--","--","--","--","--","--","--","--","0.0","--","--","--","--","--","18","9","1","-10","No","00:49:07","1","--","--","--","--","--","--","--","--","00:49:07","00:49:07","--","--"
Running,2026-01-01 15:16:33,false,"Afternoon run","6.26","670","00:55:41","178","192","4.8","179","188","8:54","6:45","308","354","1.00","8.3","8.3","247","8:52","272","0.0","267","394","--","--","--","9,926","--","--","-10","No","00:02:07.3","7","--","--","--","--","--","--","--","--","00:55:28","00:58:51","429","575"
HIIT,2025-12-29 17:12:47,false,"Hyrox","0.00","310","00:38:47","134","171","2.2","--","--","--","--","--","--","--","--","--","--","--","--","0.0","--","--","--","--","--","16","8","1","-4","No","00:38:47","1","--","--","--","--","--","--","--","--","00:38:47","00:38:47","--","--"
Walking,2025-12-28 11:27:09,false,"Midday walk","1.55","153","00:41:48","85","105","0.3","70","231","26:56","12:27","157","138","0.86","--","--","--","--","--","0.0","--","--","--","--","--","3,712","--","--","-3","No","00:12:58","2","--","--","--","--","--","--","--","--","00:32:22","00:41:48","440","505"
Running,2025-12-27 08:56:21,false,"Morning run","11.06","1,171","01:48:40","167","189","4.7","178","188","9:50","7:58","121","92","0.91","8.7","7.9","255","9:50","240","0.0","239","346","--","--","--","19,402","--","--","-24","No","00:00:30.9","12","--","--","--","--","--","--","--","--","01:48:29","01:48:40","398","439"
Other,2025-12-26 16:37:18,false,"Weight lift - back and triceps","0.00","245","00:46:24","112","150","1.1","16","158","--","--","--","--","0.00","--","--","--","--","--","0.0","--","--","--","--","--","698","--","--","-2","No","00:00:23.4","44","--","--","--","--","--","--","--","--","00:00:00","00:46:24","802","811"
Running,2025-12-25 15:17:32,false,"Christmas Day run","7.21","755","01:01:26","174","190","5.0","181","194","8:31","5:32","404","374","1.04","8.0","8.2","241","8:27","284","0.0","279","417","--","--","--","11,100","--","--","-11","No","00:00:27.0","9","--","--","--","--","--","--","--","--","01:01:04","01:03:12","453","595"
Other,2025-12-24 11:41:28,false,"Weight lift - legs","0.00","289","00:58:59","107","143","1.2","14","222","--","--","--","--","0.00","--","--","--","--","--","0.0","--","--","--","--","--","814","--","--","-4","No","00:00:24.3","43","--","--","--","--","--","--","--","--","00:00:00","00:58:59","895","925"
Other,2025-12-23 11:40:56,false,"Weight lift - chest and biceps","0.00","206","00:38:20","112","141","1.1","12","158","--","--","--","--","0.00","--","--","--","--","--","0.0","--","--","--","--","--","706","--","--","-2","No","00:00:13.2","44","--","--","--","--","--","--","--","--","00:00:00","00:38:20","934","952"
HIIT,2025-12-22 11:37:53,false,"Hyrox","0.00","323","00:32:49","145","178","3.0","--","--","--","--","--","--","--","--","--","--","--","--","0.0","--","--","--","--","--","288","144","1","-4","No","00:32:49","1","--","--","--","--","--","--","--","--","00:32:45","00:32:49","--","--"
HIIT,2025-12-20 08:25:04,false,"Hyrox","0.00","592","01:20:23","139","196","3.6","--","--","--","--","--","--","--","--","--","--","--","--","0.0","--","--","--","--","--","236","118","1","-10","No","01:20:23","1","--","--","--","--","--","--","--","--","01:20:23","01:20:23","--","--"
Other,2025-12-19 11:49:06,false,"Weight lift - back and triceps","0.00","241","00:37:19","120","147","1.6","14","231","--","--","--","--","0.00","--","--","--","--","--","0.0","--","--","--","--","--","712","--","--","-2","No","00:00:18.3","44","--","--","--","--","--","--","--","--","00:00:00","00:37:19","897","909"
HIIT,2025-12-18 11:12:42,false,"Hyrox","0.00","395","00:36:51","153","180","3.5","--","--","--","--","--","--","--","--","--","--","--","--","0.0","--","--","--","--","--","46","23","1","-6","No","00:36:51","1","--","--","--","--","--","--","--","--","00:36:51","00:36:51","--","--"
Other,2025-12-17 11:41:13,false,"Weight lift - legs","0.03","258","00:43:37","116","153","2.0","14","150","0.0","3.2","--","7","0.14","--","--","--","--","--","0.0","--","--","--","--","--","338","--","--","-4","No","00:00:11.3","44","--","--","--","--","--","--","--","--","00:00:46","00:43:37","708","720"
HIIT,2025-12-16 11:40:22,false,"Hyrox","0.00","433","00:36:54","165","190","4.1","--","--","--","--","--","--","--","--","--","--","--","--","0.0","--","--","--","--","--","16","8","1","-6","No","00:36:54","1","--","--","--","--","--","--","--","--","00:36:54","00:36:54","--","--"
Other,2025-12-15 11:41:07,false,"Weight lift - chest and biceps","0.04","219","00:38:13","113","149","1.2","13","240","0.1","4.9","--","--","0.00","--","--","--","--","--","0.0","--","--","--","--","--","382","--","--","-2","No","00:00:15.7","44","--","--","--","--","--","--","--","--","00:01:04","00:38:13","694","724"
Other,2025-12-12 17:48:52,false,"Weight lift - back and triceps","0.00","253","00:41:05","119","150","1.9","9","156","--","--","--","--","0.00","--","--","--","--","--","0.0","--","--","--","--","--","590","--","--","-2","No","00:00:22.8","43","--","--","--","--","--","--","--","--","00:00:00","00:41:05","732","751"
HIIT,2025-12-11 15:16:33,false,"Hyrox","0.00","413","00:37:54","158","189","3.7","--","--","--","--","--","--","--","--","--","--","--","--","0.0","--","--","--","--","--","16","8","1","-6","No","00:37:54","1","--","--","--","--","--","--","--","--","00:37:54","00:37:54","--","--"
Other,2025-12-10 16:50:37,false,"Weight lift - legs","0.00","314","00:50:17","119","155","2.1","11","160","--","--","--","--","0.00","--","--","--","--","--","0.0","--","--","--","--","--","474","--","--","-3","No","00:00:14.6","46","--","--","--","--","--","--","--","--","00:00:00","00:50:17","677","712"
HIIT,2025-12-09 11:41:10,false,"Hyrox","0.00","355","00:36:49","144","185","3.1","--","--","--","--","--","--","--","--","--","--","--","--","0.0","--","--","--","--","--","14","7","1","-5","No","00:36:49","1","--","--","--","--","--","--","--","--","00:36:49","00:36:49","--","--"
Other,2025-12-08 12:31:18,false,"Weight lift - chest and biceps","0.00","281","00:46:14","118","155","2.0","18","207","--","--","--","--","0.00","--","--","--","--","--","0.0","--","--","--","--","--","910","--","--","-4","No","00:00:09.2","57","--","--","--","--","--","--","--","--","00:00:00","00:46:20","761","771"
HIIT,2025-12-04 12:09:40,false,"Hyrox","0.00","376","00:37:46","149","176","3.3","--","--","--","--","--","--","--","--","--","--","--","--","0.0","--","--","--","--","--","36","18","1","-6","No","00:37:46","1","--","--","--","--","--","--","--","--","00:37:46","00:37:46","--","--"
Other,2025-12-04 06:24:23,false,"Weight lift - lunge and legs","0.00","326","01:05:24","112","142","1.4","15","176","--","--","--","--","0.00","--","--","--","--","--","0.0","--","--","--","--","--","1,172","--","--","-5","No","00:00:26.5","55","--","--","--","--","--","--","--","--","00:00:00","01:05:24","718","745"
HIIT,2025-12-03 11:49:03,false,"Hyrox","0.00","370","00:34:00","156","181","3.6","--","--","--","--","--","--","--","--","--","--","--","--","0.0","--","--","--","--","--","14","7","1","-7","No","00:34:00","1","--","--","--","--","--","--","--","--","00:34:00","00:34:00","--","--"
Other,2025-12-03 06:11:40,false,"Weight lift - back and triceps","0.00","291","00:46:39","120","144","2.0","13","220","--","--","--","--","0.00","--","--","--","--","--","0.0","--","--","--","--","--","536","--","--","-5","No","00:00:02.7","58","--","--","--","--","--","--","--","--","00:00:00","00:46:43","753","774"
HIIT,2025-12-02 11:50:26,false,"Hyrox","0.00","389","00:35:26","158","187","3.7","--","--","--","--","--","--","--","--","--","--","--","--","0.0","--","--","--","--","--","76","38","1","-7","No","00:35:26","1","--","--","--","--","--","--","--","--","00:35:20","00:35:53","--","--"
Other,2025-12-02 06:15:43,false,"Weight lift - squat and legs","0.00","332","00:57:46","118","155","2.3","18","158","--","--","--","--","0.00","--","--","--","--","--","0.0","--","--","--","--","--","934","--","--","-8","No","00:00:28.2","56","--","--","--","--","--","--","--","--","00:00:00","00:57:46","745","776"
Indoor Cycling,2025-12-01 19:34:10,false,"Bike","0.00","236","00:28:37","132","157","2.1","--","--","--","--","--","--","--","--","--","--","--","--","0.0","--","--","--","--","--","--","--","--","-2","No","00:28:37","1","--","--","--","--","--","--","--","--","00:00:00","00:28:37","--","--"
Other,2025-12-01 18:44:31,false,"Weight lift - chest and biceps","0.00","224","00:31:21","124","146","2.0","21","155","--","--","--","--","0.00","--","--","--","--","--","0.0","--","--","--","--","--","540","--","--","-2","No","00:00:14.3","49","--","--","--","--","--","--","--","--","00:00:00","00:31:25","645","674"
Other,2025-12-01 11:50:42,false,"Hyrox","0.40","394","00:45:44","138","169","2.9","31","156","0.5","2.6","30","--","1.20","--","--","--","--","--","0.0","--","--","--","--","--","1,742","--","--","-7","No","00:01:01.8","14","--","--","--","--","--","--","--","--","00:14:57","00:45:44","720","751"
Strength Training,2025-11-26 06:06:18,false,"Weight lift - shoulders and legs","0.00","218","00:41:42","110","148","1.2","--","--","--","--","--","--","--","--","--","--","--","--","0.0","--","--","--","--","--","142","138","20","-2","No","00:41:42","1","--","--","--","--","--","--","--","--","00:12:15","00:41:42","--","--"
Strength Training,2025-11-25 06:02:23,false,"Weight lift - chest and biceps","0.00","254","00:45:55","115","174","2.0","--","--","--","--","--","--","--","--","--","--","--","--","0.0","--","--","--","--","--","198","99","20","-6","No","00:45:55","1","--","--","--","--","--","--","--","--","00:11:53","00:45:55","--","--"
Strength Training,2025-11-24 05:57:32,false,"Weight lift - shoulders and legs","0.00","224","00:38:17","115","156","1.4","--","--","--","--","--","--","--","--","--","--","--","--","0.0","--","--","--","--","--","160","138","20","-2","No","00:38:17","1","--","--","--","--","--","--","--","--","00:11:10","00:38:17","--","--"
Strength Training,2025-11-21 06:10:27,false,"Weight lift - full body","0.00","281","00:55:31","111","153","1.7","--","--","--","--","--","--","--","--","--","--","--","--","0.0","--","--","--","--","--","208","129","22","-6","No","00:55:31","1","--","--","--","--","--","--","--","--","00:14:20","00:55:31","--","--"
Strength Training,2025-11-20 07:03:00,false,"Weight lift - back and triceps","0.00","156","00:44:43","92","138","0.3","--","--","--","--","--","--","--","--","--","--","--","--","0.0","--","--","--","--","--","250","99","20","-2","No","00:44:43","1","--","--","--","--","--","--","--","--","00:14:16","00:44:43","--","--"
Strength Training,2025-11-19 06:06:33,false,"Weight lift - shoulders and legs","0.00","178","00:40:51","101","148","0.6","--","--","--","--","--","--","--","--","--","--","--","--","0.0","--","--","--","--","--","130","132","20","-6","No","00:40:51","1","--","--","--","--","--","--","--","--","00:12:38","00:40:51","--","--"
Pool Swim,2025-11-18 18:43:46,false,"Evening swim","375","153","00:17:43","125","142","2.0","--","--","2:29","0:48","--","--","--","--","--","--","--","--","0.0","--","--","260","54","28","--","--","--","--","No","00:00:07.0","17","--","--","--","--","--","--","--","--","00:09:17.2","00:17:48","--","--"
Other,2025-11-18 18:06:09,false,"Core and abs - walls","0.01","100","00:23:42","98","120","0.3","33","158","0.0","3.0","--","--","0.00","--","--","--","--","--","0.0","--","--","--","--","--","498","--","--","-1","No","00:00:06.2","36","--","--","--","--","--","--","--","--","00:00:19","00:23:42","579","593"
Strength Training,2025-11-18 06:00:40,false,"Weight lift - chest and biceps","0.00","185","00:41:15","103","138","0.7","--","--","--","--","--","--","--","--","--","--","--","--","0.0","--","--","--","--","--","246","120","20","-5","No","00:41:15","1","--","--","--","--","--","--","--","--","00:11:57","00:41:15","--","--"
Indoor Cycling,2025-11-17 18:58:41,false,"Evening bike","0.00","310","00:41:32","130","143","2.3","--","--","--","--","--","--","--","--","--","--","--","--","0.0","--","--","--","--","--","--","--","--","-3","No","00:13:34","2","--","--","--","--","--","--","--","--","00:00:00","00:43:50","--","--"
Strength Training,2025-11-17 18:23:01,false,"Core and abs - climb","0.00","201","00:30:01","119","157","2.1","--","--","--","--","--","--","--","--","--","--","--","--","0.0","--","--","--","--","--","236","118","18","-3","No","00:30:01","1","--","--","--","--","--","--","--","--","00:13:00","00:30:01","--","--"
Strength Training,2025-11-17 05:59:27,false,"Weight lift - shoulders and legs","0.00","166","00:38:57","100","136","0.5","--","--","--","--","--","--","--","--","--","--","--","--","0.0","--","--","--","--","--","140","138","20","-2","No","00:38:57","1","--","--","--","--","--","--","--","--","00:11:44","00:38:57","--","--"
Walking,2025-11-14 18:37:18,false,"Triathlon training (incline walk)","1.02","191","00:23:32","130","144","2.0","20","158","23:05","14:59","--","--","0.45","--","--","--","--","--","0.0","--","--","--","--","--","732","--","--","--","No","00:23:32","1","--","--","--","--","--","--","--","--","00:04:19","00:23:32","--","--"
Indoor Cycling,2025-11-14 18:03:22,false,"Triathlon training (bike)","0.00","246","00:29:55","134","162","2.3","--","--","--","--","--","--","--","--","--","--","--","--","0.0","--","--","--","--","--","--","--","--","--","No","00:29:55","1","--","--","--","--","--","--","--","--","00:00:00","00:29:55","--","--"
Pool Swim,2025-11-14 17:40:50,false,"Triathlon training (swim)","175","154","00:17:03","131","183","2.1","--","--","5:18","2:39","--","--","--","--","--","--","--","--","0.0","--","--","188","107","20","--","--","--","--","No","00:00:04.6","16","--","--","--","--","--","--","--","--","00:09:17.5","00:17:08","--","--"
Strength Training,2025-11-14 06:18:40,false,"Weight lift - full body","0.00","246","00:45:45","111","148","1.2","--","--","--","--","--","--","--","--","--","--","--","--","0.0","--","--","--","--","--","202","101","18","-2","No","00:45:45","1","--","--","--","--","--","--","--","--","00:09:36.8","00:45:45","--","--"
Strength Training,2025-11-13 06:02:03,false,"Weight lift - back and triceps","0.00","207","00:40:39","109","146","1.0","--","--","--","--","--","--","--","--","--","--","--","--","0.0","--","--","--","--","--","244","117","20","-4","No","00:40:39","1","--","--","--","--","--","--","--","--","00:10:13","00:40:39","--","--"
Pool Swim,2025-11-12 19:08:28,false,"Evening swim","25","28","00:03:27.6","119","131","0.4","--","--","0:54","0:54","--","--","--","--","--","--","--","--","0.0","--","--","6","20","27","--","--","--","--","No","00:00:09.8","6","--","--","--","--","--","--","--","--","00:00:13.6","00:03:36.8","--","--"
Strength Training,2025-11-12 18:20:04,false,"Core and abs - plate","0.00","134","00:29:23","102","128","0.5","--","--","--","--","--","--","--","--","--","--","--","--","0.0","--","--","--","--","--","422","211","18","-1","No","00:29:23","1","--","--","--","--","--","--","--","--","00:13:00","00:29:23","--","--"
Strength Training,2025-11-12 06:18:47,false,"Weight lift - legs and shoulders","0.00","149","00:39:17","95","121","0.3","--","--","--","--","--","--","--","--","--","--","--","--","0.0","--","--","--","--","--","124","135","20","-2","No","00:39:17","1","--","--","--","--","--","--","--","--","00:10:51","00:39:17","--","--"
Strength Training,2025-11-11 06:00:31,false,"Weight lift - chest and biceps","0.00","184","00:42:23","101","135","0.5","--","--","--","--","--","--","--","--","--","--","--","--","0.0","--","--","--","--","--","208","99","20","-3","No","00:42:23","1","--","--","--","--","--","--","--","--","00:11:13","00:42:23","--","--"
Indoor Cycling,2025-11-10 16:33:29,false,"Evening bike","0.00","142","00:17:56","127","159","1.7","--","--","--","--","--","--","--","--","--","--","--","--","0.0","--","--","--","--","--","--","--","--","-1","No","00:17:56","1","--","--","--","--","--","--","--","--","00:00:00","00:17:56","--","--"
Strength Training,2025-11-10 16:03:43,false,"Core and abs - dumbbells","0.00","147","00:27:14","109","140","0.8","--","--","--","--","--","--","--","--","--","--","--","--","0.0","--","--","--","--","--","360","180","18","-1","No","00:27:14","1","--","--","--","--","--","--","--","--","00:13:00","00:27:14","--","--"
Strength Training,2025-11-10 06:09:25,false,"Weight lift - shoulders and legs","0.00","178","00:37:30","105","144","0.8","--","--","--","--","--","--","--","--","--","--","--","--","0.0","--","--","--","--","--","140","132","20","-3","No","00:37:30","1","--","--","--","--","--","--","--","--","00:10:36","00:37:30","--","--"
Walking,2025-11-08 08:21:17,false,"Triathlon training (walk)","1.03","158","00:24:40","123","143","1.0","96","121","24:01","15:18","7","3","0.69","--","--","--","--","--","0.0","--","--","--","--","--","2,400","--","--","-2","No","00:01:30.2","2","--","--","--","--","--","--","--","--","00:23:26","00:24:49","476","484"
Indoor Cycling,2025-11-08 07:48:39,false,"Triathlon training (bike)","0.00","250","00:26:43","139","173","2.4","--","--","--","--","--","--","--","--","--","--","--","--","0.0","--","--","--","--","--","--","--","--","-4","No","00:26:43","1","--","--","--","--","--","--","--","--","00:00:00","00:26:43","--","--"
Pool Swim,2025-11-08 07:29:34,false,"Triathlon training (swim)","200","112","00:15:41","116","160","1.3","--","--","1:49","0:42","--","--","--","--","--","--","--","--","0.0","--","--","99","40","27","--","--","--","--","No","00:00:04.5","19","--","--","--","--","--","--","--","--","00:03:38.0","00:15:46","--","--"
Strength Training,2025-11-07 06:06:43,false,"Weight lift - full body","0.00","196","00:46:55","99","157","0.7","--","--","--","--","--","--","--","--","--","--","--","--","0.0","--","--","--","--","--","244","138","18","-4","No","00:46:55","1","--","--","--","--","--","--","--","--","00:11:10","00:47:27","--","--"
Strength Training,2025-11-06 06:00:35,false,"Weight lift - back and triceps","0.00","186","00:38:41","106","139","0.7","--","--","--","--","--","--","--","--","--","--","--","--","0.0","--","--","--","--","--","278","120","20","-2","No","00:38:41","1","--","--","--","--","--","--","--","--","00:11:07","00:38:41","--","--"
Indoor Cycling,2025-11-05 18:55:15,false,"Evening bike","0.00","159","00:25:44","116","132","0.9","--","--","--","--","--","--","--","--","--","--","--","--","0.0","--","--","--","--","--","--","--","--","-1","No","00:25:44","1","--","--","--","--","--","--","--","--","00:00:00","00:25:44","--","--"
Strength Training,2025-11-05 18:28:34,false,"Core and abs - dumbbells","0.00","134","00:25:07","109","137","0.6","--","--","--","--","--","--","--","--","--","--","--","--","0.0","--","--","--","--","--","278","139","18","-1","No","00:25:07","1","--","--","--","--","--","--","--","--","00:09:04.2","00:25:07","--","--"
Strength Training,2025-11-05 06:01:19,false,"Weight lift - shoulders and legs","0.00","146","00:38:40","95","131","0.3","--","--","--","--","--","--","--","--","--","--","--","--","0.0","--","--","--","--","--","126","138","20","-3","No","00:38:40","1","--","--","--","--","--","--","--","--","00:11:18","00:38:40","--","--"
Pool Swim,2025-11-04 18:54:24,false,"Evening swim","--","69","00:14:23","98","128","0.3","--","--","--:--","--","--","--","--","--","--","--","--","--","0.0","--","--","--","--","--","--","--","--","--","No","00:00:00","15","--","--","--","--","--","--","--","--","00:00:00","00:14:46","--","--"
Yoga,2025-11-04 18:17:41,false,"Evening yoga","--","43","00:25:08","74","95","0.0","--","--","--","--","--","--","--","--","--","--","--","--","0.0","--","--","--","--","--","--","--","1","-1","No","00:25:08","1","18","11","23","16","48","64","49","82","00:25:08","00:25:08","--","--"
Strength Training,2025-11-04 05:50:26,false,"Weight lift - chest and biceps","0.00","165","00:44:18","94","147","0.3","--","--","--","--","--","--","--","--","--","--","--","--","0.0","--","--","--","--","--","206","108","20","-3","No","00:44:18","1","--","--","--","--","--","--","--","--","00:10:38","00:44:18","--","--"
Indoor Cycling,2025-11-03 18:55:49,false,"Evening bike","0.00","183","00:35:59","110","127","0.8","--","--","--","--","--","--","--","--","--","--","--","--","0.0","--","--","--","--","--","--","--","--","--","No","00:35:59","1","--","--","--","--","--","--","--","--","00:00:00","00:35:59","--","--"
Strength Training,2025-11-03 18:33:35,false,"Core and abs - kettlebells","0.00","108","00:20:15","108","126","0.5","--","--","--","--","--","--","--","--","--","--","--","--","0.0","--","--","--","--","--","318","135","18","--","No","00:20:15","1","--","--","--","--","--","--","--","--","00:08:11.9","00:20:15","--","--"
Strength Training,2025-11-03 06:05:57,false,"Weight lift - shoulders and legs","0.00","152","00:44:50","91","124","0.2","--","--","--","--","--","--","--","--","--","--","--","--","0.0","--","--","--","--","--","156","132","20","-1","No","00:44:50","1","--","--","--","--","--","--","--","--","00:12:27","00:44:50","--","--"
Indoor Cycling,2025-10-30 05:56:57,false,"Morning bike","0.00","114","00:44:38","82","105","0.1","--","--","--","--","--","--","--","--","--","--","--","--","0.0","--","--","--","--","--","--","--","--","-3","No","00:44:38","1","--","--","--","--","--","--","--","--","00:00:00","00:44:38","--","--"
Indoor Cycling,2025-10-29 05:57:17,false,"Morning bike","0.00","97","00:39:15","81","105","0.1","--","--","--","--","--","--","--","--","--","--","--","--","0.0","--","--","--","--","--","--","--","--","-3","No","00:39:15","1","--","--","--","--","--","--","--","--","00:00:00","00:39:15","--","--"
Indoor Cycling,2025-10-27 06:13:38,false,"Morning bike","0.00","69","00:38:33","74","83","0.0","--","--","--","--","--","--","--","--","--","--","--","--","0.0","--","--","--","--","--","--","--","--","-1","No","00:38:33","1","--","--","--","--","--","--","--","--","00:00:00","00:38:33","--","--"
Running,2025-10-25 07:05:20,false,"Nashville october half","13.31","1,429","01:51:19","181","195","5.0","184","196","8:22","5:51","814","833","1.04","7.8","8.1","236","8:08","297","0.0","285","749","--","--","--","20,448","--","--","-29","No","00:02:59.0","14","--","--","--","--","--","--","--","--","01:51:02","01:51:19","406","630"
Running,2025-10-24 06:16:36,false,"Morning run","2.51","253","00:22:49","153","173","3.0","189","202","9:06","6:08","135","128","0.94","8.0","7.4","239","8:57","267","0.0","260","408","--","--","--","4,300","--","--","-4","No","00:03:55.3","3","--","--","--","--","--","--","--","--","00:22:42","00:22:49","459","555"
Indoor Cycling,2025-10-23 06:05:29,false,"Morning bike","0.00","163","00:48:38","90","116","0.3","--","--","--","--","--","--","--","--","--","--","--","--","0.0","--","--","--","--","--","--","--","--","-3","No","00:00:04.5","2","--","--","--","--","--","--","--","--","00:00:00","00:48:38","--","--"
Indoor Cycling,2025-10-22 06:05:23,false,"Morning bike","0.00","117","00:31:57","93","108","0.3","--","--","--","--","--","--","--","--","--","--","--","--","0.0","--","--","--","--","--","--","--","--","-3","No","00:31:57","1","--","--","--","--","--","--","--","--","00:00:00","00:31:57","--","--"
Indoor Cycling,2025-10-21 06:02:54,false,"Morning bike","0.00","98","00:35:12","83","95","0.1","--","--","--","--","--","--","--","--","--","--","--","--","0.0","--","--","--","--","--","--","--","--","-4","No","00:00:07.5","2","--","--","--","--","--","--","--","--","00:00:00","00:35:12","--","--"
Indoor Cycling,2025-10-20 06:36:13,false,"Morning bike","0.00","60","00:24:16","80","88","0.1","--","--","--","--","--","--","--","--","--","--","--","--","0.0","--","--","--","--","--","--","--","--","-2","No","00:24:16","1","--","--","--","--","--","--","--","--","00:00:00","00:24:16","--","--"
Running,2025-10-18 07:47:28,false,"Tough mudder (infinity run)","32.65","4,062","08:48:36","139","189","5.0","112","245","16:11","3:38","6,345","6,411","0.85","8.9","7.5","264","15:35","270","0.0","158","1,448","--","--","--","61,840","--","--","--","No","00:09:30.8","33","--","--","--","--","--","--","--","--","06:22:19","08:48:36","-1,098","936"
Running,2025-10-17 06:09:43,false,"Morning run (with way run club)","2.69","284","00:25:10","160","181","3.3","178","194","9:22","7:53","131","144","0.97","8.0","7.7","241","9:08","266","0.0","252","419","--","--","--","4,476","--","--","-6","No","00:07:40.6","3","--","--","--","--","--","--","--","--","00:25:00","00:25:47","423","503"
Strength Training,2025-10-16 06:05:35,false,"Weight lift - back and triceps","0.00","190","00:45:57","99","143","0.5","--","--","--","--","--","--","--","--","--","--","--","--","0.0","--","--","--","--","--","196","117","20","-4","No","00:45:57","1","--","--","--","--","--","--","--","--","00:10:27","00:45:57","--","--"
Strength Training,2025-10-15 06:05:40,false,"Weight lift - shoulders and legs","0.00","150","00:36:57","97","126","0.4","--","--","--","--","--","--","--","--","--","--","--","--","0.0","--","--","--","--","--","146","132","20","-4","No","00:36:57","1","--","--","--","--","--","--","--","--","00:12:24","00:36:57","--","--"
Strength Training,2025-10-14 06:05:58,false,"Weight lift - chest and biceps","0.00","198","00:47:21","100","141","0.5","--","--","--","--","--","--","--","--","--","--","--","--","0.0","--","--","--","--","--","222","108","20","-4","No","00:47:21","1","--","--","--","--","--","--","--","--","00:10:46","00:47:21","--","--"
Running,2025-10-13 17:18:57,false,"Afternoon run","3.10","322","00:26:24","170","191","3.6","182","190","8:30","6:02","197","207","1.03","7.9","8.2","241","8:24","291","0.0","284","529","--","--","--","4,802","--","--","-6","No","00:00:39.2","4","--","--","--","--","--","--","--","--","00:26:16","00:27:08","441","556"
Strength Training,2025-10-13 06:06:43,false,"Weight lift - shoulders and legs","0.00","166","00:42:15","96","129","0.4","--","--","--","--","--","--","--","--","--","--","--","--","0.0","--","--","--","--","--","138","138","20","-5","No","00:42:15","1","--","--","--","--","--","--","--","--","00:11:29","00:42:15","--","--"
Running,2025-10-10 06:04:43,false,"Morning run","2.72","286","00:23:06","172","189","3.7","180","194","8:30","6:28","144","157","1.04","8.0","8.3","241","8:24","294","0.0","279","485","--","--","--","4,178","--","--","-8","No","00:05:07.5","3","--","--","--","--","--","--","--","--","00:23:05","00:23:06","421","502"
Running,2025-10-09 17:25:06,false,"Afternoon run","4.43","458","00:34:18","178","194","5.0","186","200","7:45","5:34","203","262","1.11","7.4","8.2","228","7:43","311","0.0","302","455","--","--","--","6,388","--","--","-13","No","00:02:50.1","5","--","--","--","--","--","--","--","--","00:34:06","00:36:56","434","590"
Strength Training,2025-10-09 06:08:53,false,"Weight lift - back and triceps","0.00","209","00:41:58","106","135","0.8","--","--","--","--","--","--","--","--","--","--","--","--","0.0","--","--","--","--","--","242","111","20","-6","No","00:41:58","1","--","--","--","--","--","--","--","--","00:15:16","00:41:58","--","--"
Strength Training,2025-10-08 06:23:31,false,"Weight lift - shoulders and legs","0.00","218","00:50:36","100","126","0.4","--","--","--","--","--","--","--","--","--","--","--","--","0.0","--","--","--","--","--","108","120","20","-5","No","00:50:36","1","--","--","--","--","--","--","--","--","00:10:31","00:50:36","--","--"
Strength Training,2025-10-07 06:08:48,false,"Weight lift - chest and biceps","0.00","206","00:43:14","104","128","0.7","--","--","--","--","--","--","--","--","--","--","--","--","0.0","--","--","--","--","--","196","106","20","-4","No","00:43:14","1","--","--","--","--","--","--","--","--","00:10:41","00:43:14","--","--"
Running,2025-10-06 17:54:20,false,"Afternoon run","3.92","397","00:29:48","176","193","4.6","176","189","7:36","6:03","112","141","1.19","7.7","9.1","237","7:40","314","0.0","312","477","--","--","--","5,242","--","--","-3","No","00:06:56.3","4","--","--","--","--","--","--","--","--","00:29:38","00:33:49","408","497"
Strength Training,2025-10-06 06:15:27,false,"Weight lift - shoulders and legs","0.00","202","00:41:00","105","139","0.8","--","--","--","--","--","--","--","--","--","--","--","--","0.0","--","--","--","--","--","144","138","20","-2","No","00:41:00","1","--","--","--","--","--","--","--","--","00:09:38.4","00:41:00","--","--"
Strength Training,2025-09-29 06:08:30,false,"Weight lift - shoulders and legs","0.00","110","00:28:47","92","133","0.2","--","--","--","--","--","--","--","--","--","--","--","--","0.0","--","--","--","--","--","106","117","12","-1","No","00:28:47","1","--","--","--","--","--","--","--","--","00:08:25.0","00:28:47","--","--"
